{
  "formatVersion": 1,
  "database": {
    "version": 1,
    "identityHash": "45cecad60f7cd2f071777dbea0bc34c0",
    "entities": [
      {
        "tableName": "sale_event",
        "createSql": "CREATE TABLE IF NOT EXISTS `${TABLE_NAME}` (`id` TEXT, `title` TEXT, `street` TEXT, `city` TEXT, `state` TEXT, `zip` TEXT, `latitude` REAL, `longitude` REAL, `description` TEXT, `rating` REAL, `distance` REAL, `imageFileName` TEXT, PRIMARY KEY(`id`))",
        "fields": [
          {
            "fieldPath": "id",
            "columnName": "id",
            "affinity": "TEXT"
          },
          {
            "fieldPath": "title",
            "columnName": "title",
            "affinity": "TEXT"
          },
          {
            "fieldPath": "street",
            "columnName": "street",
            "affinity": "TEXT"
          },
          {
            "fieldPath": "city",
            "columnName": "city",
            "affinity": "TEXT"
          },
          {
            "fieldPath": "state",
            "columnName": "state",
            "affinity": "TEXT"
          },
          {
            "fieldPath": "zip",
            "columnName": "zip",
            "affinity": "TEXT"
          },
          {
            "fieldPath": "latitude",
            "columnName": "latitude",
            "affinity": "REAL"
          },
          {
            "fieldPath": "longitude",
            "columnName": "longitude",
            "affinity": "REAL"
          },
          {
            "fieldPath": "description",
            "columnName": "description",
            "affinity": "TEXT"
          },
          {
            "fieldPath": "rating",
            "columnName": "rating",
            "affinity": "REAL"
          },
          {
            "fieldPath": "distance",
            "columnName": "distance",
            "affinity": "REAL"
          },
          {
            "fieldPath": "imageFileName",
            "columnName": "imageFileName",
            "affinity": "TEXT"
          }
        ],
        "primaryKey": {
          "columnNames": [
            "id"
          ],
          "autoGenerate": false
        },
        "indices": [],
        "foreignKeys": []
      }
    ],
    "setupQueries": [
      "CREATE TABLE IF NOT EXISTS room_master_table (id INTEGER PRIMARY KEY,identity_hash TEXT)",
      "INSERT OR REPLACE INTO room_master_table (id,identity_hash) VALUES(42, \"45cecad60f7cd2f071777dbea0bc34c0\")"
    ]
  }
}